-- MySQL dump 10.13  Distrib 5.7.19, for macos10.12 (x86_64)
--
-- Host: localhost    Database: niwo
-- ------------------------------------------------------
-- Server version	5.7.19

/*!40101 SET @OLD_CHARACTER_SET_CLIENT=@@CHARACTER_SET_CLIENT */;
/*!40101 SET @OLD_CHARACTER_SET_RESULTS=@@CHARACTER_SET_RESULTS */;
/*!40101 SET @OLD_COLLATION_CONNECTION=@@COLLATION_CONNECTION */;
/*!40101 SET NAMES utf8 */;
/*!40103 SET @OLD_TIME_ZONE=@@TIME_ZONE */;
/*!40103 SET TIME_ZONE='+00:00' */;
/*!40014 SET @OLD_UNIQUE_CHECKS=@@UNIQUE_CHECKS, UNIQUE_CHECKS=0 */;
/*!40014 SET @OLD_FOREIGN_KEY_CHECKS=@@FOREIGN_KEY_CHECKS, FOREIGN_KEY_CHECKS=0 */;
/*!40101 SET @OLD_SQL_MODE=@@SQL_MODE, SQL_MODE='NO_AUTO_VALUE_ON_ZERO' */;
/*!40111 SET @OLD_SQL_NOTES=@@SQL_NOTES, SQL_NOTES=0 */;

--
-- Table structure for table `housing_property_rights`
--

DROP TABLE IF EXISTS `housing_property_rights`;
/*!40101 SET @saved_cs_client     = @@character_set_client */;
/*!40101 SET character_set_client = utf8 */;
CREATE TABLE `housing_property_rights` (
  `id` int(11) NOT NULL AUTO_INCREMENT,
  `property_number` varchar(64) COLLATE utf8_unicode_ci DEFAULT NULL,
  `owner_name` varchar(255) COLLATE utf8_unicode_ci NOT NULL COMMENT '户主姓名',
  `owner_id` varchar(18) COLLATE utf8_unicode_ci NOT NULL COMMENT '户主身份证号码',
  `owner_id_hash` varchar(255) COLLATE utf8_unicode_ci NOT NULL COMMENT '户主身份证号码hash',
  `address` varchar(255) COLLATE utf8_unicode_ci NOT NULL COMMENT '房屋地址',
  `comm_name` varchar(255) COLLATE utf8_unicode_ci NOT NULL COMMENT '村委会名称',
  `comm_pp_name` varchar(255) COLLATE utf8_unicode_ci NOT NULL COMMENT '村委组名称',
  `east` varchar(255) COLLATE utf8_unicode_ci NOT NULL COMMENT '东',
  `south` varchar(255) COLLATE utf8_unicode_ci NOT NULL COMMENT '南',
  `west` varchar(255) COLLATE utf8_unicode_ci NOT NULL COMMENT '西',
  `north` varchar(255) COLLATE utf8_unicode_ci NOT NULL COMMENT '北',
  `construction_area` double NOT NULL COMMENT '房屋建筑面积',
  `house_area` double NOT NULL COMMENT '房屋占地面积',
  `house_style` varchar(255) COLLATE utf8_unicode_ci NOT NULL COMMENT '房屋结构',
  `authorized_date` varchar(8) COLLATE utf8_unicode_ci DEFAULT NULL COMMENT '发证日期',
  `authorized_dept` varchar(255) COLLATE utf8_unicode_ci DEFAULT NULL COMMENT '发证机关',
  PRIMARY KEY (`id`),
  UNIQUE KEY `UNIQ_D8D1D427E8E77028` (`property_number`),
  UNIQUE KEY `property_number` (`property_number`)
) ENGINE=InnoDB AUTO_INCREMENT=5 DEFAULT CHARSET=utf8 COLLATE=utf8_unicode_ci;
/*!40101 SET character_set_client = @saved_cs_client */;

--
-- Dumping data for table `housing_property_rights`
--

LOCK TABLES `housing_property_rights` WRITE;
/*!40000 ALTER TABLE `housing_property_rights` DISABLE KEYS */;
INSERT INTO `housing_property_rights` VALUES (1,'214062528756753bb1e7db02eff8d0452994e8ab536ff1c2a0c7b72c0812b3bb','姜鑫鑫','320601198812280336','dd299e45fe3b4d3c9d5003a48a515dce28d82aab81e991cc36ba620d4e96351c','凤山村','凤山村','2组','池塘','马路','马路','自家田',200.1,200.1,'砖结构','20040511','贵阳市房产局'),(2,'6a9d395bb3ffe39e39d55fbfc222ea658675a8704843bf3adb31d063ba22743a','杨文丽','522631199410263121','bf335abf618530e53fc5f68472308ac00d0380bd63e6c47ea07c644f2b0128ff','凤山村','凤山村','3组','池塘','马路','马路','自家田',200.1,200.1,'砖结构','20040511','贵阳市房产局'),(3,'0ab1828cdd303928f53fa4292dbc05c07eb23fbb5f57a24b82750a5b8e028a28','赵甜甜','522101198608297626','814daa8bf327799dc07a3317a5f338a7ff25623563946c49f01442b4284696cf','凤山村','凤山村','4组','池塘','马路','马路','自家田',200.1,200.1,'砖结构','20040511','贵阳市房产局');
/*!40000 ALTER TABLE `housing_property_rights` ENABLE KEYS */;
UNLOCK TABLES;

--
-- Table structure for table `integrity`
--

DROP TABLE IF EXISTS `integrity`;
/*!40101 SET @saved_cs_client     = @@character_set_client */;
/*!40101 SET character_set_client = utf8 */;
CREATE TABLE `integrity` (
  `id` int(11) NOT NULL AUTO_INCREMENT,
  `owner_id` varchar(255) COLLATE utf8_unicode_ci NOT NULL,
  `category` varchar(255) COLLATE utf8_unicode_ci NOT NULL,
  `timestamp` varchar(255) COLLATE utf8_unicode_ci NOT NULL,
  `name` varchar(255) COLLATE utf8_unicode_ci NOT NULL,
  `place` varchar(255) COLLATE utf8_unicode_ci NOT NULL,
  `content` varchar(255) COLLATE utf8_unicode_ci NOT NULL,
  `cert` varchar(255) COLLATE utf8_unicode_ci NOT NULL,
  PRIMARY KEY (`id`),
  KEY `integrity_owner_id_index` (`owner_id`)
) ENGINE=InnoDB AUTO_INCREMENT=332 DEFAULT CHARSET=utf8 COLLATE=utf8_unicode_ci;
/*!40101 SET character_set_client = @saved_cs_client */;

--
-- Dumping data for table `integrity`
--

LOCK TABLES `integrity` WRITE;
/*!40000 ALTER TABLE `integrity` DISABLE KEYS */;
INSERT INTO `integrity` VALUES (1,'522502196904181328','金融信用','201009111010','魏星','贵阳大街上','扶老奶奶','7aec039110172382b83c18270330a7f098443e453f0be8bf32968852311864b8'),(2,'522525196403141090','其他','20020423101320','程金忠','云岩区政府','扶老奶奶过马路','c0451657b89a7cbe49d9ceb6d50b6e65fe7b194a40543d8ca144e7f9c1ad1170'),(3,'522525195405101119','公共信用','19860822021320','喻正龙','云岩区建设银行','挫败一起精心策划的银行抢劫案','c9ba58ad170bc801ba0bdbcef72a12e5c2c5bb657bc119d876148d078f1b193d'),(4,'522502196604202617','公共服务','19840720034000','罗龙友','金阳新区贵阳银行','主动打扫大街1公里','0deef2dc49f4a7b69c4f601b291048aa7dbec66a4bd0e821fb9866a17d93a064'),(5,'52250219540604131X','其他','19930211042640','李阳贵','金阳新区政府','拾金不昧2901元','b576a602a46fdca95d59b09c87d130243230a65c9904714c5a00dba964db6879'),(6,'522525196403141090','司法信用','19780810090640','程金忠','贵阳市贵阳银行','扶老爷爷过马路','f7fd0b6c2cad98b64322046a5619dfc4f87ce470433c3dfa0d02cc144ba210ad'),(7,'522502196404081347','公共信用','19710429124640','罗忠贞','清镇市政府','主动还款170527元','e32eb9d6f5c3044673b64bb17bb8ec78400a994e0925e1b247c4bba3775bfa7c'),(8,'522525195405101119','金融信用','19890409121320','喻正龙','清镇市贵阳银行','拾金不昧8556元','ffed5c0e44934b08c60b537233b0c7f47b47b3a538dc3926ca7c70c86225073c'),(9,'522502195702141311','司法信用','20120704120000','夏明南','云岩区政务大厅','扶老爷爷过马路','9aeedd79930cf60776368754afc40e6acaae1b66104259f013a7c613109b8fe3'),(10,'522525196403141090','金融信用','19700225110640','程金忠','金阳新区贵阳银行','拾金不昧5331元','9308c3a647b6177166bd76a807c80d2e03bfc9a0af19abb19470670cd73ec562'),(11,'522502198201030205','其他','19920929071320','张国祥','金阳新区中国银行','扶老奶奶过马路','00cb39f55f5f2ea2933fd3a854c40cfe4c24db8799e1b99c464547a296a32960'),(12,'522502195102012616','公共信用','19920310094640','简勤发','云岩区政府','扶老奶奶过马路','9020c129fbaaf3c489ff9639fae3d94fae289041f35235f1024843f79e078ab7'),(13,'522502197812051352','公共服务','20091016052640','宋召贵','贵阳市中国银行','扶老爷爷过马路','8bc8c21b89bfc330c284ff128d9b7e98bd7021f0cbdca542f2616972df8a42a5'),(14,'522502197508241311','公共信用','20091125065320','刘国平','金阳新区贵阳银行','拾金不昧9033元','6b12cce0367c692e13e53d295791d91afa10451c1ca04f30411d7aee7c44dbc6'),(15,'522502197812051352','金融信用','20070211114000','宋召贵','清镇市农商行','主动还款6019089元','c62e9db638d52fb7fdf5eef7974f76da18028f8c2f5ced276eb11644cb7ac8f1'),(16,'522502195702141311','司法信用','19880228073320','夏明南','金阳新区政务大厅','扶老奶奶过马路','dfa0b0e9fd383a61365d09d67c9154baa4ee2cd8119673abe05c3468653fd809'),(17,'522502195212031316','其他','19900210085320','陈文光','白云区政府','一人孤身抓2个小偷','c5aa9c110f932f0547d913fac86d6f7fc5817fa6a441ca51528ece625861a540'),(18,'522525195405101119','司法信用','19840415060000','喻正龙','白云区贵阳银行','拾金不昧6609元','cc04ee1e9cfe69c5901b4b007fe6615da0fbf9fb2685aa4b929d84af64ed2234'),(19,'522502195212031316','其他','19911204044640','陈文光','清镇市贵阳银行','一人孤身抓10个小偷','4344ef70d420a98a16d7d24ff9dcb512d962f874552e1123ac92f59222ff06d6'),(20,'522502197508241311','其他','19761111013320','刘国平','清镇市中国银行','挫败一起精心策划的银行抢劫案','15c4a1fd4bfced307ec210d0488bff0f2d5c1cb9429ac378201602bcd98f7d21'),(21,'522502197904141339','公共信用','19760525111320','夏开富','云岩区贵阳银行','挫败一起精心策划的银行抢劫案','a9db127d7259b47b00de08e8512dcf25e2ba34cb4c1a6b0f66b55518a17635c8'),(22,'522502197508241311','其他','19970725105320','刘国平','贵阳市政府','拾金不昧3851元','43181e0ecffda70ea02c7c326275203bfce54f521ec90156df157f292838aba7'),(23,'522502198201030205','其他','19941101100000','张国祥','白云区中国银行','拾金不昧5276元','28efe4a88d8c976aa6beab7303a9a667f4df35f9ec80f4f024cd0560a8726d3b'),(24,'522502195102012616','公共服务','20071202112640','简勤发','云岩区贵阳银行','扶老爷爷过马路','e0f5173c3a56bf8c9ea7bc0a864f5d77e984862c4a6b394c13fb965c9155d94d'),(25,'522502197103141312','金融信用','19880713113320','樊成实','云岩区中国银行','主动打扫大街1公里','5d8bec0a8d4c538cf1800c4fca2a09829af5e2464deaa2d893816e4cd911555c'),(26,'522502194912011338','司法信用','20100325081320','王明祥','清镇市中国银行','扶老爷爷过马路','6cd20aa1e10debf532afad255fae79fb48c2e5195b9f5f7e37a94b2aa17d1153'),(27,'522502197008021312','其他','19700524012000','焦炳荣','贵阳市政府','扶老爷爷过马路','26c2a5f9271b10ea27a38d104a6a727402353f1617a450dc84572428b882a711'),(28,'522502196904181328','司法信用','19931130023320','魏星','贵阳市贵阳银行','主动打扫大街2公里','31d5c262253086478a2d789307d3b6c7a3f1c11a7c0171b7ada6bfc59a66e75d'),(29,'522525196403141090','金融信用','19820918124640','程金忠','云岩区建设银行','一人孤身抓2个小偷','e057225d63830eb9c78828859cea41705c4e1019cb68516ce365e6ae4d93361b'),(30,'522502195102012616','司法信用','20110625114000','简勤发','金阳新区中国银行','拾金不昧6804元','9fb2cd9c4b8e62ffd173534e002a15d7527cbcf6ce7a120d2d8deee82ae3e96b'),(31,'522502197103141312','司法信用','20170721060000','樊成实','清镇市建设银行','拾金不昧8482元','78eb824db9f563bb723f3b2153fe00fb739782f31c0ff1b88e580a796690815d'),(32,'522502195702141315','金融信用','20151217060000','陶忠贵','云岩区政务大厅','扶老奶奶过马路','9e9951c7043ef3a950b10ade7df6a6d23d7858a0f39390d3c29f1ed81db5598f'),(33,'522502195012092616','公共信用','20151123023320','刘祥福','清镇市贵阳银行','一人孤身抓8个小偷','8a992393c9ed0cdb936e3a19b9b2ed75b83015b76c1d155142bcf135fe21fcf3'),(34,'522525195405101119','其他','19910317062000','喻正龙','白云区政府','挫败一起精心策划的银行抢劫案','cf956163bce54c0f9b7667d0c0cac6359f4402c9af56bce79435d9e1d0e86451'),(35,'522525196403141090','金融信用','19960213073320','程金忠','贵阳市农商行','拾金不昧8382元','b3b50c2eca086ad206e70e30984ad9817b5f7bbc7c19abc24ba1c336fb0db767'),(36,'522502195102012616','金融信用','19970816125320','简勤发','金阳新区农商行','一人孤身抓7个小偷','9180c31ea5d27ac5fafc4a02428b90f8f54af6e6e6421f317ed0ec46ce7a0d86'),(37,'522502195012092616','金融信用','19871030013320','刘祥福','云岩区中国银行','一人孤身抓2个小偷','5f18baacfe628c9eb2bec965b6c44d935c30c765982cabcaafe3e7c185c83a1e'),(38,'522502197812051352','司法信用','20040412094000','宋召贵','白云区贵阳银行','主动还款826333元','7cd67699c82f2b84da724b2815dd1e4843ddcedb10411293790c84d7ab9bac70'),(39,'522502195702141315','司法信用','20140617083320','陶忠贵','云岩区政务大厅','一人孤身抓8个小偷','eee26452b469727d850dcb6a184737653ed62ee0c8c005a101938cfef70c36f0'),(40,'522502197501201325','司法信用','20131220112640','陈文惠','白云区贵阳银行','扶老奶奶过马路','f0abbca4b2037d7c858bfa9b6ecba419b1046af370bfca55341fc819d1fd54d7'),(41,'522502197501201325','公共服务','20110526080000','陈文惠','清镇市中国银行','主动打扫大街2公里','6649f6c951943449b13912fca684c18388d7a27bf0051c21728e68ac87f8dcc9'),(42,'52250219740526131X','公共服务','19810118074640','刘国元','云岩区中国银行','主动还款9908391元','339d803ffad9e9402080f1cfc9f1796f76d4d859a3f0a91f3b3996b9a52eabe7'),(43,'522502198010231000','司法信用','19740828044000','夏开武','金阳新区政府','主动打扫大街2公里','b0d172a9611233668f18bb61b69bb121914ad01525aee3219e37a8d5f07b4b33'),(44,'522502194912011338','公共服务','19920119012000','王明祥','白云区中国银行','主动还款7573088元','08ffbda83adf870fc83fd5a4eba7cfbb288d522ea16b01e51ff2173a9c31303c'),(45,'522502196604202617','金融信用','20040322080640','罗龙友','云岩区贵阳银行','主动打扫大街2公里','6ca760a29db3684d8c29b3b483b9797f8e455491d501313715bcc0616e879b5e'),(46,'522502194912011338','司法信用','20110130120640','王明祥','白云区政务大厅','扶老奶奶过马路','f8ca29243f970210b133a6f6b4be4d6864811763ab78ede45ba2da60900801ca'),(47,'522502195702141311','金融信用','20140423042000','夏明南','金阳新区政府','一人孤身抓4个小偷','d935b8c31e10e1bc79828524322f63f3d8da1842796d00a12ef3dd2a53930d17'),(48,'522502197501201325','其他','19820507124000','陈文惠','贵阳市贵阳银行','主动还款607777元','7b88cf4be018e20056c11c652bd5893a4d103d719da3cad40201baae15f2c4f2'),(49,'522525196403141090','司法信用','19860120113320','程金忠','金阳新区政府','扶老爷爷过马路','7263c965c946b95747317ba7d88e91c36501840c2df915434204c821042479f1'),(50,'522502195012092616','公共服务','19870526041320','刘祥福','贵阳市贵阳银行','挫败一起精心策划的银行抢劫案','4eceec7586328df5b46a580bdeab04c7080eace211ec223e77e96ffce7d091b5'),(51,'522502195102012616','公共信用','19810519054000','简勤发','清镇市政府','扶老奶奶过马路','64947fc5c215b5d2aa2880a2a3ac74414f740da7c9b26d6aaa2266c32f4fae74'),(52,'522502195012092616','其他','19720905101320','刘祥福','清镇市政务大厅','拾金不昧6610元','0396f973501e4f34c33c2dd00cd2fc33972ea3c85c8e4f6d040119dc5bc4babe'),(53,'522502197904141339','其他','20101101062640','夏开富','贵阳市政府','拾金不昧9933元','1d870b7a03355e75310518787aefb3bd97f2e79efaa02879a2d7c2b9cee1191d'),(54,'522502195702141315','司法信用','19781010111320','陶忠贵','云岩区建设银行','挫败一起精心策划的银行抢劫案','9fad9a03706fe529e8344c952def10505fc1d56139fc3c4679e269965a256442'),(55,'522502196904181328','金融信用','19950403062000','魏星','金阳新区政务大厅','主动还款6261930元','ae0bc62006293bdd2e872a31ff59ce690bb548807f6d5d8c5271885ea4f56def'),(56,'522502197508241311','公共信用','20150119125320','刘国平','金阳新区政务大厅','主动打扫大街2公里','196014a30275b6936299e03795835a730595791bec5ad07ca5b6e877e4fabee5'),(57,'522502198201030205','公共信用','20111211011320','张国祥','金阳新区政府','一人孤身抓9个小偷','9274316f91fe60a48e69920e4894ce6c8d40759acdfa0ffe5096635e4a17eed0'),(58,'522502197904141339','其他','20141031050640','夏开富','贵阳市贵阳银行','拾金不昧2439元','7fb4e2d677589383c970745f54f741fcdbabecee96fd82557004bf03127a33ee'),(59,'52250219740526131X','公共服务','19720719101320','刘国元','贵阳市中国银行','扶老奶奶过马路','aaa123f3ba4559bf75db59b403f8f1e7d9cbc22f8e56a4b55581b69b0f766635'),(60,'522502198010231000','其他','20141016100640','夏开武','白云区贵阳银行','主动还款304695元','d172a0518f18586272a16e696c2f3b3215a35a41ca2c1a03bdba1827f07be783'),(61,'522502198010231000','司法信用','19910213060000','夏开武','金阳新区中国银行','主动还款1960762元','0ec01d2ef5e4571e6e609ea6b965adb05284c353f0ed2bc1033cb4c6dd867b2e'),(62,'522502197508241311','金融信用','20040408122640','刘国平','云岩区贵阳银行','扶老奶奶过马路','1bcfaa4bfc2b23d4222acc85d46d464916a53fb8311d2eb2b0e0fa4a5298b11d'),(63,'522502197812051352','公共服务','19981207080640','宋召贵','云岩区政府','主动还款3081159元','3eb8023fe187719a2e1d3c4f286d2b353bdc058c80ddaed4e37fd753a664e522'),(64,'522502198201030000','司法信用','19830715121320','夏明南','清镇市政务大厅','扶老奶奶过马路','d4541ff3f8efeaacdb783d22547f6a03b439f86f2eda99bde76d9ea9335cf856'),(65,'522502197008021312','公共服务','19830214023320','焦炳荣','贵阳市政府','主动还款1490368元','5d6e5324aa7dafe18233a8ad17979cfef2297adbf6820e92f4d8acf9eadf3296'),(66,'522502197501201325','公共信用','19901209094640','陈文惠','金阳新区贵阳银行','扶老爷爷过马路','1ffd252b233ccfe906de2aa08ffe9cee7aa6e6dfb5942fdd524d22ec4a9c0172'),(67,'522502197812051352','公共信用','20010705013320','宋召贵','清镇市农商行','一人孤身抓7个小偷','767a782021597de4d1567a1b21f686aec00e4b4aa1d5c5aeeb5c1ee433256e31'),(68,'522502197501201325','其他','19811101103320','陈文惠','贵阳市中国银行','扶老奶奶过马路','540da5a29defcb753dca0cf1a29085137e8c8b9806c3c59d53de9a6c2c119239'),(69,'522502197103141312','公共服务','19781018073320','樊成实','云岩区中国银行','扶老爷爷过马路','e73fdd3e61ba3a0140bde9345d7fac54cc9497bc1250f19caab4dbe47c1ccc53'),(70,'522502197812051352','公共服务','19720418024000','宋召贵','白云区政务大厅','主动打扫大街2公里','61d6f18bb0772b2b06527dd3a740158f5d2fe255a3d29efd0520dc2847ac4520'),(71,'522502195012092616','公共服务','19710905120000','刘祥福','白云区贵阳银行','一人孤身抓7个小偷','672ebe19bbb8b77e8f08db6fb262b7c344fad1cd2d3bd488f09f187042134e0e'),(72,'522502197501201325','公共服务','19840909062000','陈文惠','金阳新区贵阳银行','扶老奶奶过马路','9c471a7aa49df97a36513ae320e235cae5dfe83a853fb77433a3eb9b5d596c69'),(73,'522502198201030000','金融信用','19991027110000','夏明南','清镇市贵阳银行','主动打扫大街2公里','a2a3ba4d7779782d7df1c1bb4f53547958217cf9428e1207c4e6f955c4727c3e'),(74,'522502196404081347','司法信用','20040720093320','罗忠贞','金阳新区中国银行','一人孤身抓3个小偷','5f243665856a33539d32cc7514eca6a307422edb15616dc55acff2fa5b8de16c'),(75,'522502198201030000','其他','20071102124000','夏明南','贵阳市政府','主动打扫大街1公里','2fabe47c7bd7b49c577c98b1f4b8af3a50e3ab9131509d364b22a5235158477b'),(76,'522502195702141315','公共信用','20150908082640','陶忠贵','清镇市建设银行','挫败一起精心策划的银行抢劫案','7970b5b5d2e5f6f8e80384d0e443ee462038d3315e5d5c583270dccfcec17943'),(77,'522525196403141090','其他','19700602074640','程金忠','云岩区贵阳银行','主动打扫大街1公里','040c8c3f01fdc41113705cfda33d085a6f6d645aa740867513cb74250cc5a566'),(78,'522502197008021312','公共信用','20111224094640','焦炳荣','金阳新区政府','拾金不昧9467元','fc7b9ede59ebb2d8ef43b0cd4c3d7938876e19f720f17e5156fdd704c8b57581'),(79,'522502196404081347','其他','19831126052000','罗忠贞','金阳新区建设银行','挫败一起精心策划的银行抢劫案','d7110235cc880c8dd2d7cead0bf7b1f715e3fb7575f4dac3bda3f7d28a20159d'),(80,'522502198201030205','司法信用','19820702072640','张国祥','白云区建设银行','主动打扫大街1公里','2ba9a492b6354a2a5bb24264603eb71f3e335b01f77c16c590363f27430a17b4'),(81,'522502197501201325','金融信用','19790216115320','陈文惠','贵阳市中国银行','扶老奶奶过马路','4b3b8737637bbc7086d2236f74880974cdb1d7963323600d47ac6bfe16e741ec'),(82,'522502195212031316','其他','19760211071320','陈文光','清镇市政府','挫败一起精心策划的银行抢劫案','7863b9adc28a80b8fc974f2c3999614af78165f62c5188a912792b81a8f08450'),(83,'522502198201030205','其他','20100602052000','张国祥','云岩区政府','扶老爷爷过马路','78685fdac556d0f1d90fa271b9622fb77f4555a6da573034a5130ef0340eeacb'),(84,'522502197008021312','司法信用','20010415092640','焦炳荣','贵阳市中国银行','主动打扫大街1公里','fac211f69c205609ec6799b72c3acca856851986ce23a76186d5f0ce231818fd'),(85,'522502195212031316','公共信用','19940226120000','陈文光','白云区政务大厅','一人孤身抓7个小偷','5f5f7516ef35d9a8083867995649cb642f368f4772a359342957f89c4af0af0a'),(86,'522502195702141311','公共信用','19890407111320','夏明南','白云区政务大厅','主动还款4394126元','8ab9ddd1625b6c2ed774a6a153e606fdb45795387ea7a21df5d783917234708b'),(87,'522502196604202617','司法信用','19710512011320','罗龙友','清镇市贵阳银行','挫败一起精心策划的银行抢劫案','ca209785dd80187d6de38f3f1a9b2729a06c686044596c39a7534427b51603ff'),(88,'522502195012092616','公共信用','19840118015320','刘祥福','贵阳市建设银行','扶老奶奶过马路','e449e126ccfc20f0c26cc58b75e581887fe8c951c64d1898d11c4cd0a84bd528'),(89,'522502197501201325','公共信用','19931218030640','陈文惠','贵阳市政府','拾金不昧2181元','5d1225e04ba1393a3b2ecf09a5ceca5cc2d1389d32773d4778483120f921d3b1'),(90,'522502197501201325','其他','20100805025320','陈文惠','白云区农商行','扶老爷爷过马路','f18360369d4dafbffec39b8bfa4c7232ae7a73e23d965befa38559702d92e08e'),(91,'522502195702141311','金融信用','19950508045320','夏明南','贵阳市农商行','挫败一起精心策划的银行抢劫案','a2992f13039a7bd0a9522149f88acf43a9e8a6fdb44f4dcbd7eec4871a0a8bb8'),(92,'522502195702141311','其他','20140718054000','夏明南','贵阳市中国银行','挫败一起精心策划的银行抢劫案','6ff62fb76dd0339443d2176084f51b6b38e7245c15d263bd4621e1ab49e24202'),(93,'522502196904181328','其他','19860705100640','魏星','金阳新区政务大厅','主动还款1586664元','62ba57f47381f84a9f49c8ee54e828d42c962831d759ae1ff1ff896ce2cde1df'),(94,'52250219540604131X','公共信用','20131207060000','李阳贵','白云区贵阳银行','挫败一起精心策划的银行抢劫案','e4ea353a124869766c305cb07bc59aadb53d6914752b0413ca7d56111e326df7'),(95,'522525195405101119','公共服务','20000117031320','喻正龙','云岩区建设银行','挫败一起精心策划的银行抢劫案','f72b1f3264aa8804ba3a0e4b85e0bc3cc538f23168a5b3fc5f2559c7298c863e'),(96,'522502196404081347','公共信用','20040723112640','罗忠贞','云岩区农商行','一人孤身抓3个小偷','88ed01ba52586f6bc7ece1bcfa0fc4914da254d35a16d5572626ad8cb9540034'),(97,'522502197501201325','金融信用','20050606094000','陈文惠','金阳新区中国银行','主动打扫大街2公里','b168da8ac906a0c2e1648b2995602afae5b221c0e413a1bad2125adf3c938e30'),(98,'522502197008021312','司法信用','20050109050000','焦炳荣','清镇市贵阳银行','扶老奶奶过马路','f9b526866c355969e07d1f6b4ae64bb1e522e291e33b334dcd6706f95fcbd706'),(99,'522502198201030205','其他','19790124123320','张国祥','白云区政务大厅','主动还款4571669元','1dae0d374a874737beb541cef837d36b924d316f44e47eef53e398ddb9553f7f'),(100,'522502196904181328','公共信用','20080128042000','魏星','贵阳市政务大厅','一人孤身抓4个小偷','44db8690eea84daaacfdfecbdf05fa1afd99c732828530b247e411d2cb3d88fe'),(101,'52250219740526131X','其他','19920330022000','刘国元','白云区建设银行','扶老奶奶过马路','e76af2f1b77b5516ec81a3b67c140f6841de9d1e877d2acb23e8d22f4d7e5b45'),(102,'522525195405101119','司法信用','20050601085320','喻正龙','云岩区政务大厅','一人孤身抓7个小偷','6ab63e6f9172528ce3a63fdc10e9b34546dd555ee53bd63ee72ce38eae961488'),(103,'522502197508241311','金融信用','20080801064000','刘国平','金阳新区政务大厅','拾金不昧9278元','239c8af5f140f5ac0056157a79348a2315a5dcbfdcf6f4c8b5cda613f75a6b35'),(104,'522502195702141315','金融信用','19980515074000','陶忠贵','金阳新区农商行','一人孤身抓7个小偷','68b4f443a0a015e2f3688e4c4e8ddddba46b75286350ae7b03c32bf89a09c0e5'),(105,'522502198010231000','金融信用','20080131040000','夏开武','贵阳市政务大厅','扶老奶奶过马路','049aab6796c91d10bb98b465bd5b5b1c91bec0987777256faafc6977356573e5'),(106,'522502194912011338','其他','20060510104640','王明祥','云岩区政务大厅','扶老爷爷过马路','d69a9bba15bd45fc2454dc97c17a77aadfc04de3e6fb5e4b02ce90bf60b54371'),(107,'522502198201030000','金融信用','20011002112640','夏明南','金阳新区农商行','扶老奶奶过马路','691bdd62a2c53763108170c69d9c94d6629e8e2b24272f78c2271bc56d0b355d'),(108,'522502197008021312','公共服务','20060630111320','焦炳荣','金阳新区中国银行','主动还款8533028元','6ad81c37f2398418878c4782acf72ef19b8ae748ec12b09c01a2348235b48a22'),(109,'522502197008021312','金融信用','20071020074000','焦炳荣','金阳新区政府','扶老奶奶过马路','2e2f0b7069e87d192a2ee0cdef8dbb3ca93da627cd602c044013b3daa45fbed0'),(110,'522502195012092616','公共服务','19900121110640','刘祥福','云岩区政府','拾金不昧2434元','2e4a1c6d87c6b1da3a5da4ec1686638e24964578457897c0a93cf08fdfbbfe9c'),(111,'522502197812051352','其他','19870417083320','宋召贵','金阳新区中国银行','主动还款6465456元','082c6cf0d5b12641631c1ec846ba2dc4149781ad43049d55b9d0269a33939c6c'),(112,'522502197501201325','公共服务','19721229020640','陈文惠','清镇市中国银行','拾金不昧2241元','f319518638c883eda8f04a3a911bf640de24b2fb88e3f0e6837d8fd2ec88fc8f'),(113,'52250219740526131X','公共服务','19820706040000','刘国元','白云区中国银行','一人孤身抓7个小偷','4e5f37ed6b8df1fdd5bd3401a4b10648429294457b6490597b5386a591375350'),(114,'522502195702141315','公共信用','19900701032640','陶忠贵','贵阳市贵阳银行','主动打扫大街1公里','6a8a9327e83d7248aff8002bccdbfae2e899426e65bfa63c18e3f23bc8ccbbe3'),(115,'522502195012092616','公共服务','20130509061320','刘祥福','云岩区政府','主动还款5270158元','02a8642367f9a5faf05eb7102d6e86f4aa885c6dd3ba2947051596e3f2f682ca'),(116,'522502196904181328','公共服务','19820308094640','魏星','清镇市政府','拾金不昧8071元','a453cbc232a678933ed109ba20e1afe7227fab0366a1a7d0f7a0eee7170f72d2'),(117,'522502194912011338','司法信用','19710405084000','王明祥','白云区政府','主动还款6657353元','ee80aef7b19edf87494efeb16c5df53ad360b716f6f83ddb1de24414c32963a1'),(118,'522502195702141311','公共信用','20040605080640','夏明南','白云区贵阳银行','拾金不昧5234元','0933659ccd263e7afca1000fb39146a2be2882cec59ec68f907d949a79317cc9'),(119,'522502194912011338','金融信用','20140129093320','王明祥','云岩区中国银行','主动打扫大街1公里','2cd11b5c79f3dabbcbde72213cde77861495645d2bc642b0a23fa78826720e0b'),(120,'522502195702141311','司法信用','20160101072000','夏明南','清镇市政府','扶老奶奶过马路','65bb9b792827a4416f7a0de9303b8986930a44146e597c7e91ddbdd507ea7045'),(121,'522502198010231000','公共服务','19851006114000','夏开武','贵阳市贵阳银行','挫败一起精心策划的银行抢劫案','c7873757b946141f9fafac9cc9528695f896622d893ac675667e911a0d1196d3'),(122,'522502195702141311','公共服务','19950512014000','夏明南','金阳新区农商行','主动打扫大街2公里','24c1bf5254e93354b33b44ab4302e698ed1907d5c89feecd038d6ca76dc66988'),(123,'522502195212031316','公共服务','19830919122000','陈文光','清镇市建设银行','主动打扫大街2公里','c33c64bd5438e390ffa7ed3605d9cde1c3acc5c2dc4bf2241693beea9b66a35f'),(124,'522502197501201325','公共信用','19950605052640','陈文惠','清镇市政府','扶老奶奶过马路','5ee301e280f7ee2666ecc994a44a3f5e59aed7fc320804b9636ebc69beb1e89a'),(125,'522502197501201325','其他','19781118054640','陈文惠','金阳新区政府','主动打扫大街2公里','d48cf29f66fe3f43662995acedc52652714222f65049619a77b22cf712d2d7b0'),(126,'522502196404081347','公共服务','20020702120000','罗忠贞','贵阳市贵阳银行','挫败一起精心策划的银行抢劫案','1b49c56f1e0b651b65f945adee51b51fd47c9301e665efc401b845208cc6259c'),(127,'52250219540604131X','金融信用','19921108052000','李阳贵','贵阳市中国银行','挫败一起精心策划的银行抢劫案','950624dd887a4cb274402d67bf980c84efd60e2c8b5de13cb7ba2208c8bf8e4f'),(128,'522502196904181328','其他','19960421100000','魏星','云岩区政务大厅','一人孤身抓2个小偷','7977374a89af6c8125f71d024dcf8a2ccaa7feb9ba4158f4245a1f20f9ebae08'),(129,'522502198010231000','金融信用','19750306024640','夏开武','云岩区中国银行','主动还款2761547元','6901f4d000da96353ead1b2c4ded8af0d775675b3902729585823bc7a55fe0ab'),(130,'522502195702141311','公共服务','20091126043320','夏明南','云岩区政府','主动打扫大街2公里','9d010a95fd0645949b13d74bc724cdf3333d25bdc88102c34e465a4c69fe4142'),(131,'522502198201030000','公共服务','20140610122640','夏明南','贵阳市政务大厅','扶老爷爷过马路','d4b68454632021f20bbf65171fa8b9e581f6b5ee5599d2db046e4fce422f5cc6'),(132,'522502195702141311','公共服务','20090514095320','夏明南','贵阳市政务大厅','主动还款1965836元','95a02b8749e24b893ee107dad4ba66e54a0b436d8aedc131fe1813e111fa0b5f'),(133,'522502195212031316','司法信用','19971227074640','陈文光','贵阳市中国银行','主动打扫大街1公里','6cfc5a86c929cdd3586064855100c3b1dd186bd2d01895662aec5e8301c077bd'),(134,'52250219740526131X','司法信用','20010708100640','刘国元','清镇市建设银行','拾金不昧3513元','dad570e67531cad4f316674e73bcec36f86025a55abe9c64fa1e18aa890d03d1'),(135,'52250219740526131X','司法信用','19821108014640','刘国元','贵阳市贵阳银行','一人孤身抓9个小偷','808d76c1e5ccf861b39ec05ede1d5b9051db6bc72a1cac332edd1e13e11e7c9a'),(136,'52250219740526131X','公共信用','20050318065320','刘国元','金阳新区建设银行','挫败一起精心策划的银行抢劫案','3a7fa930c2214297ab929cd248ddf000dc34208ee4cc67b0db453f38745d8897'),(137,'522502195012092616','其他','19760618062000','刘祥福','金阳新区政务大厅','拾金不昧5797元','a40f13058307b738c0b9007cee1fc255bd1b4d2a67d389a9703cbc78cb2bfc16'),(138,'522502197812051352','金融信用','20030324065320','宋召贵','云岩区政务大厅','拾金不昧2595元','9283bd97b4ab667537eb51398771159b5b69dddba0b8e374109a2da2b00d4004'),(139,'522502195702141311','司法信用','19791003041320','夏明南','金阳新区政府','主动还款3667532元','8a4177fc76123c84dc8aba5126bc3b741444d0a155816de1d8d914d166dec5f1'),(140,'522502195212031316','公共信用','19750601035320','陈文光','云岩区中国银行','扶老奶奶过马路','193703c5c3595de2f7b478992798790e1011d81131bb996306812ccc665f6342'),(141,'522502195012092616','司法信用','19710809094000','刘祥福','云岩区农商行','挫败一起精心策划的银行抢劫案','299271bb7dc899ed5ba380954e56a20e7e196558ddebc7aed8c8e03f2c4d1a0c'),(142,'522502195012092616','金融信用','19881015105320','刘祥福','清镇市农商行','拾金不昧7119元','69150a21492655279c2dec2e03acb6f3c05863ff5e16d9cb45159ed0e20640b3'),(143,'522502196604202617','其他','19810530035320','罗龙友','贵阳市政务大厅','主动还款2241510元','553b2751f81fad9619acde0cc3cfb34e86e036c115ae19e1a171b71128ea08b6'),(144,'522502197501201325','公共信用','19750514072000','陈文惠','云岩区农商行','拾金不昧8369元','10e276673f13d48158acef4ff1007c75f6d713424dc5ac6b2f31fc6272e95474'),(145,'522502198201030205','金融信用','19751105072000','张国祥','白云区政务大厅','主动打扫大街1公里','be7b220bfe01d9698c336402e70b030ee11dc042b3b930265abc32843b8ec4fc'),(146,'522502196604202617','公共服务','19870803080000','罗龙友','云岩区中国银行','一人孤身抓3个小偷','725afef3f3cbd21b50366a7a461c9d02a717dff29f3fcff887ccd4c10ccc8d08'),(147,'522502195102012616','公共信用','20150331035320','简勤发','贵阳市政府','挫败一起精心策划的银行抢劫案','c5da9a8b470720e6743b2cc46ea03b7d2ce5a77e6c582e59b347abb0c79596fb'),(148,'522502195012092616','公共信用','19750305114640','刘祥福','金阳新区政府','扶老奶奶过马路','be252d1b52e93e67d7667c4ca7bf5a87b6a95be7ee381a2117a55a4153185fa8'),(149,'522502196604202617','司法信用','19930326092640','罗龙友','白云区建设银行','挫败一起精心策划的银行抢劫案','89d539ddbfe2bcc670f628868fdf416e39d288e16716b47572a0b5f10f34a58b'),(150,'522525195405101119','公共信用','19961022095320','喻正龙','云岩区政务大厅','扶老奶奶过马路','92a4545ee03175a9fbccb47f9baa25b30030e4e0530af4230d2d86ae906714cf'),(151,'522502198010231000','金融信用','19840601021320','夏开武','云岩区政务大厅','拾金不昧6140元','0d59c36e5e4882cf2ed7590ec0002a5e2b9874ebcdae00259cde066463eb46a7'),(152,'522502197103141312','司法信用','19850803101320','樊成实','贵阳市中国银行','主动还款187507元','6f759905156e712bc9d9a81c12a6cca01b4860157e9c58fa19aa1ed1ff48e0dc'),(153,'522502198010231000','金融信用','19750526064640','夏开武','贵阳市贵阳银行','扶老奶奶过马路','0867b24355377602678d963d4a9f2bcfd9902982311eb8befb5f3027aa256680'),(154,'522502196604202617','金融信用','20160722052000','罗龙友','云岩区政府','挫败一起精心策划的银行抢劫案','1f19a0cf69423e1590ccaf714b9c332b7023bdf9fcdeb3dde8cdeee0e3c941a1'),(155,'522502198201030000','公共信用','20001126102000','夏明南','贵阳市政府','挫败一起精心策划的银行抢劫案','6a11abd8e0f236e20d3899b4a32976037fae0137cb3408666cafd29722697b45'),(156,'522502195212031316','公共信用','20081201040000','陈文光','清镇市贵阳银行','主动打扫大街1公里','7fe4e0673991217aa60a4bbc1ae704774c056108fd720424e16e1f3c20d56545'),(157,'522502197904141339','其他','20140707072640','夏开富','金阳新区贵阳银行','主动还款7881092元','f9af07bca873ee61077545828dc4f19162a76d6a282b233d37e50d5366f13e11'),(158,'522502197812051352','其他','19870416055320','宋召贵','贵阳市农商行','挫败一起精心策划的银行抢劫案','bc3b3c0981f8f5968f8fa40cec0adad058f109984295564f49c0960d43bcd102'),(159,'522502195702141315','其他','20110702112640','陶忠贵','白云区中国银行','主动还款2455868元','345cb52d4fd93b71315f6aced6d57f8566553e1c144341cbcb1f913f8390f79b'),(160,'522502195102012616','金融信用','19931218123320','简勤发','云岩区中国银行','扶老奶奶过马路','3dab259f390db0cff4a1b4fba8df5a24f77c068c9219d385ab637d80b276bb03'),(161,'52250219740526131X','金融信用','20150928045320','刘国元','贵阳市政务大厅','主动还款814492元','f9ffc1e7c85539c98d8f0b5b0abe85149da90c868449f76be2270ad27aa9480c'),(162,'522502194912011338','司法信用','19710119052640','王明祥','贵阳市政府','扶老爷爷过马路','6fc14b85f5ad3629c8ff5e1614da166d763d3ec63e29a670f7c82398c4a13608'),(163,'522502195102012616','金融信用','19960702075320','简勤发','清镇市政府','扶老奶奶过马路','4381b5463feee1b5a4aee1edf900798d21b507cd911f2b8a423c056aad149d25'),(164,'522502196904181328','司法信用','19820121052640','魏星','金阳新区农商行','扶老爷爷过马路','89c9565ee9e0d923b884d312206641df3431204ee8b7f5ca78117fa5af7598ba'),(165,'522502198010231000','公共服务','19960502121320','夏开武','白云区中国银行','主动还款9548688元','cf9583da71c0c57cf14226dd260c377b3f34bc8ca3d35313133cae3d5bec87a0'),(166,'522502196904181328','金融信用','20060821063320','魏星','清镇市政府','挫败一起精心策划的银行抢劫案','205183f8c1a9fb8da5cca06da0499cd16fb2e218e79603d9f7a30bd05edd61bd'),(167,'522525196403141090','金融信用','19931206064000','程金忠','金阳新区农商行','一人孤身抓10个小偷','0dcadb9d5f824ae273f0148d0098278c470cae9437b35b4bb46131a8ad3779ae'),(168,'522502195702141311','金融信用','20040923022000','夏明南','金阳新区农商行','主动还款8532945元','22085ca506766f44c3bfbf3a2213c639b921e88be3873f4e82bf2b48dd4790f1'),(169,'522502196404081347','公共信用','20080325034640','罗忠贞','白云区建设银行','主动打扫大街1公里','be7b73a96fc197720f1f1b0e210b49c42ab2cfaf901b622f4585cef3fd40d23b'),(170,'522502195102012616','司法信用','20030806030000','简勤发','清镇市政府','主动打扫大街1公里','83bd06281b9c390b3bc54551793770a66b93c41e9bbdd889366d9a47b4c194ef'),(171,'522502195702141315','公共信用','20040209032000','陶忠贵','清镇市农商行','主动还款2242720元','64d58ae10346018e6c166b6f6e3620a68fabd6dc2c6b5d43b045758851ac3a68'),(172,'522525195405101119','其他','20140703100640','喻正龙','云岩区建设银行','主动还款6787215元','4e3f53a4f6d7fedd286abf1bb44c54dce23520fa0a80657ae7f4fb04ef369482'),(173,'522502197904141339','其他','19831128082640','夏开富','清镇市政府','扶老爷爷过马路','6e3ab6eb5b2135f91cec261fb07a980428e511197f65e3b4b45e80315978cd09'),(174,'522502197103141312','司法信用','20031027062640','樊成实','贵阳市贵阳银行','挫败一起精心策划的银行抢劫案','ac7943a60a0ee573d587c61db0bedc8fed713081379f423ebc78e29f44fd4692'),(175,'522502197501201325','公共服务','19890615100000','陈文惠','清镇市政务大厅','扶老奶奶过马路','44c98c47c5ef58a5f84bb8635fed0589a542d603ebf6a5f6de5ba17a8597e7af'),(176,'522502198201030000','司法信用','20090916044000','夏明南','金阳新区农商行','主动还款7876117元','7f0c9768929074cc25162e7dae11aa5ba914773ea6a28c5cff3d0bb40678cdf6'),(177,'522502196604202617','其他','19800619023320','罗龙友','云岩区贵阳银行','拾金不昧3516元','e27e2d3061da54113658a0f72b118edc3453defe926f768076f916f72b044d9a'),(178,'522502195102012616','公共信用','20160821050640','简勤发','清镇市建设银行','主动还款5773242元','20ee06b3af0f1bc779acda886b22e29f99fb2849ae10d8436ed04b18bec1b425'),(179,'522502195012092616','公共服务','19790518091320','刘祥福','云岩区农商行','主动还款7459928元','226dbef6e7b1ca027ad8092841c2041116a764be1d5ccf206e86a1b68362e409'),(180,'522502198201030000','其他','19771123010000','夏明南','贵阳市中国银行','一人孤身抓7个小偷','34f100aaaab43b629cbebcc6827fe88cb167181a7b6675d0592716d4d1cdc453'),(181,'522525196403141090','其他','19860928054000','程金忠','清镇市政务大厅','主动还款9678959元','5f07f3329d676c0de45a3f0e4a3a96aa3b054c07fed2832427892a5e4b34007c'),(182,'522502195102012616','其他','19971022095320','简勤发','金阳新区贵阳银行','主动打扫大街2公里','19fe4b97e5798f4308f8ddcd82f8be9ed0ef507aed0a9de28856f2d3027e4488'),(183,'522502195702141311','金融信用','19761209023320','夏明南','白云区贵阳银行','拾金不昧8274元','df45bd364c7a5c0830fa5979794af63a9b80e346bb26feb57ecd691891190568'),(184,'522502195702141311','金融信用','19751129065320','夏明南','贵阳市政务大厅','一人孤身抓9个小偷','8833ae9583ac2a727ec3dfd63d9181f3e068cbcedbe27dae6a5f7db343a43cf5'),(185,'522502197103141312','司法信用','19890127054000','樊成实','清镇市政务大厅','扶老奶奶过马路','81866f6d0a6e2e5c1b1d7a1e2d98e9c224218ca058723bc1a4cbb45cf92caaf0'),(186,'522502197501201325','其他','19720115050640','陈文惠','白云区政府','扶老爷爷过马路','fd72039ca7b65b2f41d1ad136fe04baadaa27fe729bd1023696ac02dcf5af699'),(187,'52250219540604131X','公共信用','19770104040640','李阳贵','云岩区政务大厅','主动打扫大街2公里','989fa33be105b501b20a17caf216472864af02b328bdd133be03e143f0034b70'),(188,'522502197008021312','金融信用','19930426010000','焦炳荣','清镇市政务大厅','拾金不昧2031元','70c664fa4940edf832fe200c455e65b95a29242c70faef3d8040ca0fb3dcf032'),(189,'52250219740526131X','司法信用','19910412050640','刘国元','白云区政务大厅','主动打扫大街1公里','61873f8a9d9f43e407b182a7d0e6a86b6560e8486a676c9c82f8d47ed7938d51'),(190,'522502195102012616','公共信用','19770428014640','简勤发','金阳新区建设银行','主动还款6211350元','17aa9df7d3f68d1d097de3c238a641e8b9e4e2893d2d25b2915535dd612f5b58'),(191,'522502195702141315','其他','20071111112000','陶忠贵','云岩区政务大厅','扶老奶奶过马路','f2d9fa570fad7224dcaf91605567a313029c7ace17a0e6cf0399a83fa3519668'),(192,'522502195012092616','公共信用','19770329082640','刘祥福','贵阳市政务大厅','扶老爷爷过马路','c1b4c29a0d1b96fe5485df9cab94e2329d66da119b906e59e1156a5a6c678f61'),(193,'522502194912011338','公共信用','19890618090640','王明祥','云岩区贵阳银行','拾金不昧5839元','e3071191c59079c40aaf9e56d92616d58a54cf52fed6d144ac7dc63c8097b99e'),(194,'522502197812051352','公共服务','19710617014000','宋召贵','金阳新区政务大厅','主动打扫大街2公里','9a44f616b757340f526e16f7a982b5cf18323154d38011f77c7722adbc22f5eb'),(195,'522502197501201325','公共信用','19940530033320','陈文惠','白云区建设银行','拾金不昧9868元','35e234805c7eeae7d7b24dc46363f34dd16af668e29659df45c6e32f9f483182'),(196,'522502195702141311','其他','19950702042000','夏明南','云岩区贵阳银行','主动还款5357217元','029ace38ca5efcd49e6137a91056e2128f2e931130a36ef764b60a24a393c790'),(197,'522502196404081347','公共信用','19720810034000','罗忠贞','云岩区政务大厅','扶老爷爷过马路','05a8ccdda28d61eb5b6dabe8642bd2c6d158618a70ceb30bcf0ec74f74305108'),(198,'522502198201030000','公共服务','19911125013320','夏明南','白云区建设银行','主动还款4186799元','200b51e78019b1be31efcf2531f29f481506805892832136f2aeca2497e4e97a'),(199,'522502197904141339','公共信用','19950912050000','夏开富','白云区建设银行','扶老爷爷过马路','2dee7c99769212eb2c0c985a67ff8f3c68d2402e5f673ab448a1339335fbc03e'),(200,'522502195012092616','司法信用','20090715121320','刘祥福','云岩区政务大厅','一人孤身抓7个小偷','f1d1c1b7297e25861e4d53496adb258063caf6941864d11aa1fda33b6d8b5d4b'),(201,'522502198010231000','公共信用','19950723091320','夏开武','云岩区建设银行','一人孤身抓8个小偷','82f95a09a7be6cc73446ea2039d3d88b9b9d349ff880159e91c10001089e9918'),(202,'522502195702141315','司法信用','19781231031320','陶忠贵','清镇市建设银行','扶老爷爷过马路','4918ab02a53f8514d147e3c333f31daaab7ba25da604c4c3ef907db5ab9d5846'),(203,'522502195702141311','其他','20150129011320','夏明南','白云区建设银行','扶老爷爷过马路','e34b82793dc86b24b2167f3aadc21712f1bf8a458887c0272242cc3450f719b8'),(204,'52250219540604131X','其他','20121115052000','李阳贵','金阳新区贵阳银行','扶老奶奶过马路','5c2cf5ccc3727374daf4a8e9db414d52fbdfc2b4eef7cf9006dda395222134b3'),(205,'522502198201030000','司法信用','20120411060000','夏明南','白云区贵阳银行','扶老爷爷过马路','0569b18abda6c758513305c25e1880ebb4bdae52ac03a176985e0af9251221dd'),(206,'522502195702141311','金融信用','20130125050000','夏明南','清镇市政府','扶老爷爷过马路','0acb777f0ef3e05154c5c5c8cef24f1640709916ac12fdc1e9730dc7a7e10949'),(207,'522502197008021312','其他','19810619082000','焦炳荣','金阳新区农商行','挫败一起精心策划的银行抢劫案','349dfc0fd96e2ab4035e89790d33ccd23d5aeb57b0b72cf731ff3a74fba60bde'),(208,'522525195405101119','公共服务','19910324050000','喻正龙','清镇市建设银行','一人孤身抓4个小偷','3e7ce1c81a86ae4ee446b98c2490544b10a678dfb1040dafd37edfeffbdf5a7b'),(209,'522502197501201325','司法信用','19720212071320','陈文惠','清镇市政府','挫败一起精心策划的银行抢劫案','0a48aaf3564d6d4ab5c69ab8c9cad268d8e600f6d8132c09e458907437ada96e'),(210,'522502195102012616','公共服务','19920525124640','简勤发','清镇市贵阳银行','扶老爷爷过马路','26b61369ca997ac7cf513d6626e73b0514b31d0f17e081a2187faf1f8244abaf'),(211,'522502194912011338','其他','20130506122640','王明祥','云岩区中国银行','拾金不昧8685元','7813b857e170d1e6894bf28b8c1963f2ea390d762ae7ec2352a0535398871a99'),(212,'522502198201030205','司法信用','19910321012640','张国祥','金阳新区政务大厅','扶老奶奶过马路','cb8f402f1c949b1ee67fcc2024062c418406e8b5863711027326e74e5429f382'),(213,'522502195702141315','公共信用','19860522044000','陶忠贵','白云区农商行','挫败一起精心策划的银行抢劫案','a007ff7f461c9623878523394a0b1e76e65f3538ae40be089bd04c7eba5a3506'),(214,'522502195212031316','公共服务','19910805090000','陈文光','清镇市贵阳银行','扶老奶奶过马路','47fdc5382524dfd05e6b448fc04bbf8e01613138f1f9658637dad86834f5bc89'),(215,'522502197508241311','公共信用','20041205055320','刘国平','贵阳市贵阳银行','主动还款1580564元','15a93cca69357fec9a1ba676077e82bb3326ba8b0fe7934707e8ee7ae57e8c80'),(216,'522502195102012616','公共服务','19920328073320','简勤发','清镇市中国银行','主动打扫大街2公里','2802958fad9fb2afa406e191fe4092fb78ba34c7f306153353b1587852d79d20'),(217,'522502198010231000','公共信用','19921201053320','夏开武','白云区政府','拾金不昧6194元','1ef1f5e5a96b3abdc6b23a1fdd0edd6eaeab85c5fa347c18d7aca2d28bc2407f'),(218,'522525196403141090','公共信用','19920216054000','程金忠','白云区政府','扶老爷爷过马路','043f5a1c4a150775b1624a81fbf852bf767c72d34e8ba45167e1aa5d8362700f'),(219,'522502195212031316','金融信用','19980727025320','陈文光','贵阳市农商行','主动还款4806130元','f625769a835fd21be04562923415c839a417a857649f65660cbd07bbceb51941'),(220,'522502198201030000','金融信用','19880711100640','夏明南','贵阳市农商行','主动打扫大街2公里','853b506e564e5ba106a5bc2c27180afdf489d5325813dea1646f00f341efae17'),(221,'522525196403141090','公共服务','19781108010000','程金忠','贵阳市贵阳银行','扶老奶奶过马路','6d6807a91dd52a8174e69f7bd058611953cda321db17452d7ce406faff014931'),(222,'522502197103141312','司法信用','19770830062000','樊成实','白云区农商行','扶老奶奶过马路','e5780415658729204f947e5417cbf87cd86e9884168b57e012591f3118eec2f1'),(223,'522502195702141311','金融信用','20170201122640','夏明南','白云区中国银行','主动打扫大街2公里','76c0ac6097c5f4a06766c138d3afa325af78dd58faac6f76cb619c2629950d87'),(224,'522502197904141339','其他','19740712070640','夏开富','贵阳市政府','挫败一起精心策划的银行抢劫案','82163e30d6898ac6b5b1d9a1c95716dc4de2ae0686cad60f076c524a320d697e'),(225,'522502198201030205','公共服务','19810913015320','张国祥','贵阳市中国银行','拾金不昧4860元','768eb0381c3951bd9ed981d590e25890b98877f14855066a5190c1c2db0775de'),(226,'52250219740526131X','司法信用','19940908110000','刘国元','金阳新区农商行','扶老奶奶过马路','6c282ef7195fb1d927068a094c96353611d69efb55b35d5df0ee76cc2497ed22'),(227,'522525196403141090','公共服务','20001229100000','程金忠','白云区政府','主动打扫大街1公里','4d8624017af7f7421a4eef02369a330c269557a5c3cb5d52d538df9bbd2d9861'),(228,'522502195702141311','公共服务','20000428101320','夏明南','金阳新区农商行','一人孤身抓8个小偷','42a017db7ad771eaf7910be7831fed96b87c8ff4dcd80fdd7943f3427e369ddd'),(229,'522502195212031316','公共服务','19710525122000','陈文光','清镇市贵阳银行','一人孤身抓10个小偷','b7366078fd95dff52ec939aebddf750da28c95a93a90bb6ac3d9660a3be698b0'),(230,'522502196604202617','金融信用','19730125082000','罗龙友','云岩区农商行','拾金不昧2559元','04d4c1d18c5e88c06cede97365ce2a501704088abfa1be2be1d98204541ea916'),(231,'522502197008021312','司法信用','19741113114000','焦炳荣','清镇市建设银行','主动还款934519元','a549c97520820ddfdc9e83e0690270c49d214812dfc84373a267c271d3694afc'),(232,'522502197501201325','公共信用','20100925091320','陈文惠','云岩区政务大厅','拾金不昧3915元','be0660001bcdc2acde890f042f225938f116570088c94fd01c21e18455b6fd42'),(233,'52250219740526131X','公共服务','20080503041320','刘国元','金阳新区政府','主动还款2882793元','11c2f0737b8bb184a971e5b0802db9e35036d4426d039a08f37a68b8c54b249a'),(234,'522502198201030205','司法信用','19800930120000','张国祥','白云区政务大厅','主动还款7479300元','44a773fc2d9f50c0d814fd0692b11ba480e6e287e4be3a2e6fc36271142a46cb'),(235,'522502194912011338','公共信用','19740903031320','王明祥','贵阳市贵阳银行','主动打扫大街2公里','a57322f1d982c1c5016963463c5352300369e54a973ada9ba240248e5de827b3'),(236,'522502196604202617','公共服务','20131020070640','罗龙友','清镇市政府','扶老奶奶过马路','b3af886686ef217d17ca63734e59237e85b10d7f546028b8b95526b3aaed6483'),(237,'522502195702141315','其他','19790702120640','陶忠贵','清镇市农商行','拾金不昧2561元','918690ca92cbe0097e69f29cf7a751e73e5fbba79187cc2877de73814f95f318'),(238,'522502197008021312','司法信用','19860904103320','焦炳荣','白云区农商行','主动还款9037614元','0d9c0ac057d006b6e494deaeb83ac11587bcdd17432d8202b2197a1445dfdb3c'),(239,'522502197812051352','金融信用','20100104042000','宋召贵','云岩区建设银行','挫败一起精心策划的银行抢劫案','5c9893ef58f4663acc763fb9e8a7454b1ee1fdc48f1f65b7ef79d98a0b5d8672'),(240,'522502198201030205','其他','20140218023320','张国祥','贵阳市贵阳银行','拾金不昧7880元','f9c8acd9cef22dea1b0bee40a6e3a36b81a269f4a76ffc88f6aa2bf425cc3a05'),(241,'522502197812051352','公共信用','19780426080640','宋召贵','白云区政务大厅','一人孤身抓2个小偷','aadd5be6da7d18c78b47d69af0b23e965f2725a803ad8cf723cc03002ccde840'),(242,'522502195702141311','金融信用','19860610094640','夏明南','白云区建设银行','主动还款3573779元','8f98bfc634235872430a252a359ca56feec7b44404adebb0db97872542a22a11'),(243,'522502198010231000','其他','19860917095320','夏开武','白云区政务大厅','挫败一起精心策划的银行抢劫案','b09b8741769b8220be43ff28702f6f562fbde4d486e4fb739bf640e1b3299afb'),(244,'522502195102012616','金融信用','20120328085320','简勤发','云岩区贵阳银行','扶老奶奶过马路','3cc4a138b06315625352805ecda7792e583989e6c523ad34b3aa293f86c8a11c'),(245,'522502198201030205','其他','20000825102000','张国祥','金阳新区中国银行','拾金不昧2554元','a3560b203c804a390e8c82b16bc2eecd656e3244534f809b235a3b17b04c286d'),(246,'522502195012092616','金融信用','19830921070640','刘祥福','白云区贵阳银行','一人孤身抓10个小偷','6228d3f233d157620a51fbe5cda6befdcd9d4a286a359821e3c848a6365a8413'),(247,'522502198010231000','金融信用','19791005040000','夏开武','金阳新区建设银行','拾金不昧9923元','cb454682be6be2901a78316b8fee407f6ee9ff88d1427597c5e8dcd4db1d2d68'),(248,'522502198201030205','公共信用','19770909080000','张国祥','云岩区贵阳银行','挫败一起精心策划的银行抢劫案','30663112053969cac877994b007e69c68c3a323af7557e1a0f343bb986481337'),(249,'522502196604202617','金融信用','19940203111320','罗龙友','金阳新区政务大厅','拾金不昧7241元','89987f203aacef0bd757b3024ff91420d55a69fed443cd4aee3ee2e8a08f30da'),(250,'522502195702141311','金融信用','20010814072640','夏明南','金阳新区政务大厅','一人孤身抓7个小偷','54d062634102eafa04dab85d12753a02d81614ddc1d2091809caef87dde049fb'),(251,'522502197103141312','其他','20001023062000','樊成实','清镇市政务大厅','挫败一起精心策划的银行抢劫案','44ee6fe69456e3eed37cbe89a4f69fc9486336a8feab23319afcfaf09a729022'),(252,'522502197103141312','其他','19700722055320','樊成实','贵阳市政务大厅','扶老奶奶过马路','1077cbd4ecbea8c5829e3e043949cc7c16f9a2198d67b16c8b39fc6b564d834b'),(253,'522502197103141312','公共信用','20110711040000','樊成实','白云区贵阳银行','主动打扫大街2公里','eac1a67b25e784fa7b7c3b08266c219eef375afc231e14cafbc5c07c6725ddfe'),(254,'522502195702141315','金融信用','20130919100000','陶忠贵','云岩区政务大厅','主动打扫大街1公里','3144e10decc0b877c07b9115b43ca5a8241d5d6f6b5ff3daf75ed449fc71bad2'),(255,'522502195702141315','其他','20061021010640','陶忠贵','清镇市中国银行','主动还款4723089元','ec65b8b082f5de9c4e188d14177e356603f805473ef1bbabae3756ae185f4897'),(256,'522502197904141339','公共信用','19890825124000','夏开富','清镇市农商行','扶老奶奶过马路','33e13abc656d9d72395c340a8dcfce2566091c2288b87d76ceedd715d3fea171'),(257,'522502196904181328','公共信用','19930227102640','魏星','清镇市建设银行','扶老奶奶过马路','bbf6ab75889e9751e18177f54aa9b9765567c0b096e9bb593f4141a6bff78b18'),(258,'522525195405101119','金融信用','20070520112000','喻正龙','白云区贵阳银行','一人孤身抓9个小偷','e2d69e4ddff8b3301d9c4b0ade89e51055b6055d700ff24ea11a79f46a5115bc'),(259,'522502198201030205','公共信用','19970302080640','张国祥','云岩区中国银行','一人孤身抓6个小偷','529c29f27d54edfbae677d804bb9391f761c5a5ba97bd46c33da070616312993'),(260,'522502197103141312','公共服务','20060920054000','樊成实','清镇市农商行','主动还款1257107元','a1ba36bde2fc966d8f8ae0727e0f84dd14063a39529385772aa4a34530437d10'),(261,'52250219740526131X','司法信用','19931021070000','刘国元','贵阳市贵阳银行','一人孤身抓6个小偷','ba5bad298b0ac5ea41a7c2f1b90e5a7fec3bc34fd1f37339eef547484dfab429'),(262,'522502197008021312','公共信用','19800630030000','焦炳荣','白云区建设银行','主动打扫大街2公里','de2aa4ecbb67081272aaa6a23969aa6da288bef7f2fcfbf1d5e52389060765f0'),(263,'522502198201030000','司法信用','19711208081320','夏明南','白云区中国银行','扶老奶奶过马路','88401e446e5e3e1da2bc794f0e42df9cf5efd46906cedaf7ced1d8d0de2ede97'),(264,'522502197501201325','司法信用','20090324055320','陈文惠','云岩区政府','挫败一起精心策划的银行抢劫案','d61461925962f491cdc444ffa8f19251f70e764e19faed5ec8a5ad3f40669708'),(265,'522525196403141090','司法信用','20070808031320','程金忠','金阳新区政务大厅','扶老爷爷过马路','244d309d42948e10cc603e912c29d5c5769390c8f02b6d8f643bcb4faad4fa64'),(266,'522502195212031316','其他','19980712075320','陈文光','白云区政务大厅','主动还款1849102元','6add7640a7f9b8c3352253ab51d5e57ef7caf1b5fd4c6d2d340833f33c510970'),(267,'522502195212031316','其他','20070422033320','陈文光','金阳新区中国银行','扶老爷爷过马路','da7669394c8515dcdbf31ff3599a8ef77aae174499a7247825d8258255d11696'),(268,'522502194912011338','公共信用','19731201083320','王明祥','云岩区中国银行','主动打扫大街1公里','d730be7f969fbde89966df64139b1c35e7b88f96692372dadf3fcc3d4028cb4a'),(269,'522525196403141090','其他','19770311092000','程金忠','清镇市农商行','扶老奶奶过马路','d07bf821c9842cbe184c19844df0a7fc3c6b1682f644a3b6d72f5b24f964693b'),(270,'522502195702141311','金融信用','19780221122640','夏明南','白云区中国银行','一人孤身抓3个小偷','7017d9740a5ab823d7cb8c5cb5e73971a68344ab93ca4220f1407bc6d4db721b'),(271,'522502195102012616','公共服务','19950906070000','简勤发','贵阳市中国银行','拾金不昧3082元','8e6492bee220c9a07c4f533ce270ebe2bb67e9af6b98a97281041e473b86aeb3'),(272,'522502195702141311','金融信用','20071023052000','夏明南','金阳新区中国银行','主动还款7969505元','9a7af6f90223697a16c842432266ac7a0ca5694fc45545fd54047ea4b393035f'),(273,'522502198201030205','金融信用','19770312105320','张国祥','云岩区贵阳银行','一人孤身抓2个小偷','a26070336c51684fc8d47e0c1938a2bffb83c88282984525794bdae611f4230d'),(274,'522502195702141311','其他','19800804060000','夏明南','云岩区中国银行','扶老爷爷过马路','089fc818eab7a3165812ff1daf824d2f0857d258ef9b2deca0ebd41e15b38f32'),(275,'522502196404081347','其他','20040609074000','罗忠贞','白云区贵阳银行','主动还款4499430元','1bc9fabb49fbe33f8768352275bcf2395c4f49794b2e8d46d81dc1a16bc246f9'),(276,'52250219740526131X','公共服务','20050505094000','刘国元','清镇市中国银行','主动打扫大街1公里','bcda02165ba9d249bf4a3e8950a226fa11a54f9430d6b6909a242906c8949955'),(277,'522502197501201325','司法信用','19741229095320','陈文惠','贵阳市农商行','主动打扫大街2公里','3ad6961a9f7b563fe11b0c5a0a821ddb6cdc890cad766a5f867b5cd734aeab66'),(278,'522502195012092616','公共信用','19900712122000','刘祥福','白云区建设银行','主动打扫大街1公里','2be03e3667dd1fa9ab6389f2ff5e41807c376f27108517806c209519d25c3389'),(279,'522502197508241311','公共服务','19700506062000','刘国平','清镇市农商行','一人孤身抓5个小偷','027db0e3d7279d692eb4964e27c7f92a8369650be4d8bb03e90f7f258b591899'),(280,'522525195405101119','金融信用','19970306093320','喻正龙','云岩区农商行','主动还款9156478元','edf3438ec16afe9160b25247fd009aaf85dab3ea7ebd9c0710516c91f0d58386'),(281,'522502197103141312','公共服务','19881026122640','樊成实','金阳新区政府','主动打扫大街1公里','6075fc3f7b7a95a4a4507ce2d9380adc7dacb2a2487a5df6730b232c0f7c3303'),(282,'522502194912011338','公共服务','20000123061320','王明祥','贵阳市中国银行','扶老奶奶过马路','b401c017627415719127fffc011ac3a2f272bc8dca67654054bd7addd5dee4c3'),(283,'52250219740526131X','公共服务','19870624040640','刘国元','金阳新区中国银行','主动打扫大街2公里','1ad2544b3dc9b981e75c6424854f5a98e8983e71549c5bf1c8ed73d23597f531'),(284,'522502194912011338','公共信用','19780323072640','王明祥','清镇市政府','主动还款4795989元','33ef2ae0310db9b3d1bd57bfc866e60bd50ed4f8edff58a75bcafef125b3534f'),(285,'522502198010231000','公共信用','19740513115320','夏开武','贵阳市贵阳银行','拾金不昧5601元','6e1dd592bcd8e3d4557781d6e429a6cbcc8338696de395aeacc84c3615a00264'),(286,'522502198201030205','司法信用','20060223052000','张国祥','清镇市中国银行','扶老奶奶过马路','078b3c349579387f692d9158a816ebc595f4cadb89efeb47266446a2ea8da4f0'),(287,'522502198201030205','公共服务','20060525042000','张国祥','白云区农商行','挫败一起精心策划的银行抢劫案','e730db27606100712718df0cc3c2615807a303598e5cf590f84b611b4f0b1f28'),(288,'522502198201030000','其他','19840423042000','夏明南','白云区政府','主动打扫大街1公里','8b626d61da64150d8030aa96feae526ba02d07981c1b16fc182db79bcefaf744'),(289,'522502197103141312','司法信用','20051203033320','樊成实','白云区农商行','主动打扫大街2公里','1acb13aa9751413045840ebaa776000efc28ea2a029eae6de405787ed802dcd7'),(290,'522525196403141090','金融信用','19990801025320','程金忠','金阳新区建设银行','主动还款4469571元','01374848b5653cd5d89b6c307e07f2e8963e73d99048079df9cccbc039b61e3f'),(291,'522502197904141339','金融信用','19871108080000','夏开富','云岩区农商行','主动还款2167806元','4822d54fedc1735ef064ae8ae39a945c24a0f328984ad457d53556fc33c17fdd'),(292,'522502197103141312','金融信用','19820915090640','樊成实','云岩区建设银行','挫败一起精心策划的银行抢劫案','ced476df9e794d50767b92c04c21a78899fbf9b9816c0063bd07633cbd36764d'),(293,'522502196604202617','公共服务','19921119113320','罗龙友','贵阳市建设银行','挫败一起精心策划的银行抢劫案','90d15d6d9d217ee975dcec2293e04ea6dd9f5c1f9c15f7f507c8328c2c368795'),(294,'522502197501201325','司法信用','20121226121320','陈文惠','清镇市政府','扶老奶奶过马路','bf2e5bdb92bc81eb28388bd212922782dbbaf8d0c9d7a0c7b80b9cd516ae3d50'),(295,'522502198201030205','司法信用','19950621055320','张国祥','白云区中国银行','扶老爷爷过马路','0b7a31dd7488828a8402fdc0885af4ed58980ca581bcd9ab3d34511da63ff96c'),(296,'522502194912011338','金融信用','19700525011320','王明祥','云岩区建设银行','拾金不昧8547元','8033cdbbc2a41e2e8eaddb288a757092442b64ece1d8346d6811a0cab09e31f6'),(297,'522502196604202617','司法信用','20091222083320','罗龙友','云岩区农商行','挫败一起精心策划的银行抢劫案','3fcfb38c39bf82dd695620aa42b67b6ee3b0f7d0a7fcf813cd3b21075e503db7'),(298,'522525195405101119','其他','19861226051320','喻正龙','白云区中国银行','扶老爷爷过马路','2d7bde1a865675526d69ffc7f6345788bf4a8223c4b45ccd697da060da5b3c31'),(299,'522502195102012616','公共信用','20001025123320','简勤发','金阳新区农商行','扶老奶奶过马路','e45d3ae1f64863639b4f528d11e62d7372c49333ac4c67b3c9d44555be37048d'),(300,'522502194912011338','公共服务','19700105111320','王明祥','白云区政务大厅','扶老爷爷过马路','bb5d8d2f5f5bb54456ae91157f5368858bbe5f867fe58338c080c4c996882bbe'),(301,'522502195702141311','公共信用','19770821102000','夏明南','云岩区政府','扶老爷爷过马路','6dd48c560005c2043467cc5608eeb924ada815ef88c9ccaa2185ce9585c679b9'),(302,'522631199410263121','其他','19730614030000','杨文丽','白云区贵阳银行','主动还款8561907元','1a239f5770ee54f95769c342cec9aec512092c9d55545f95c5205dbcbdc6b8e1'),(303,'320601198812280336','其他','19870106062640','姜鑫鑫','白云区花果园国际中心','主动打扫大街1.3333333333333公里','f52e273b2f4a7808a783d666f28913468f151ac3776fbf46f89cf71a60b6be7d'),(304,'522631199410263121','司法信用','19820615115320','杨文丽','金阳新区中国银行','扶1位老奶奶过马路','88f4ba780c1f90a1240bc5f0d508da657d198afdf666e98980c8b550330ca49e'),(305,'522631199410263121','金融信用','20030518115320','杨文丽','云岩区花果园国际中心','挫败一起精心策划的银行抢劫案','c267484b61e3db4ed6887f25a20338f33bd2e43a58983b95e028e6990ee01676'),(306,'522631199410263121','其他','19870429094640','杨文丽','白云区中国银行','主动还款1779047元','f31a9d6b0df7e11e8a50f6108be622d4b73988f2dbf8d4bc9b0efd3d1ffc9379'),(307,'522631199410263121','公共服务','19780714090000','杨文丽','金阳新区政务大厅','主动还款5643146元','494988dbbbabb87875c1e781114ac9b8e7dd31c6e5f772582da5b747a1c9ab55'),(308,'522631199410263121','公共服务','19850122123320','杨文丽','金阳新区农商行','主动打扫大街1公里','581b577a3500bafc78e47c799fecd38ba48f86416802de5374016269bf084fb8'),(309,'522101198608297626','公共信用','19900417102640','赵甜甜','清镇市花果园国际中心','扶4位老奶奶过马路','3d2e5069a788417a95dc33d62cffec422fa536a85f3ec1d65d6f073d223eac32'),(310,'522631199410263121','其他','19711011044000','杨文丽','金阳新区贵阳西南商贸城','主动还款7464976元','4dd72c81d6ff04b6264013c367867990b6fb97844be515aedce31f13160b7c0f'),(311,'522631199410263121','其他','19710116072640','杨文丽','云岩区建设银行','主动打扫大街0.4公里','d0ccd61e47ff0354c7582660f8299498f9cfa189cddcdb5947a060ceea4a4f84'),(312,'320601198812280336','其他','19910613101320','姜鑫鑫','清镇市中国银行','主动还款2875807元','40e5bb6b71689e7826ff10eb3287780e527ddb406b236125745a551330a2b043'),(313,'320601198812280336','金融信用','20140627101320','姜鑫鑫','云岩区农商行','拾金不昧7775元','998c7ea6d0fc9ec28d71a3bdd1f12dfe32945b5df59a67e7d94c6deba4af7b4d'),(314,'522101198608297626','其他','19830816051320','赵甜甜','云岩区建设银行','挫败一起精心策划的银行抢劫案','c4e9ce5c1fa8a879173acc190e7f8a495bac58aa95ea39f942da9309265fa336'),(315,'522101198608297626','公共服务','19971021082000','赵甜甜','贵阳市贵阳银行','扶2位老奶奶过马路','306af8651ae0cf2ba92830f5f9ea62fbbcd9f0040f5544ec9bf743f602a72fb5'),(316,'320601198812280336','金融信用','19970102044000','姜鑫鑫','云岩区贵阳西南商贸城','扶4位老奶奶过马路','d77ee50ce0c9ff9102876f0a81ec486f42ffc37d12cc9c385105fb61a87b5e88'),(317,'320601198812280336','司法信用','19720713043320','姜鑫鑫','贵阳市中国银行','主动还款7388014元','2baf57f00d4b6ab4b25e30b9bb5e5f6af2432fa547677dd79db31f16bdf99b96'),(318,'522631199410263121','公共服务','19880820075320','杨文丽','清镇市中国银行','扶1位老爷爷过马路','6e1031aaced5af9eff5d4e516df580add6754ff136bd76ee7376425d9f7857ee'),(319,'320601198812280336','公共服务','19911202110640','姜鑫鑫','清镇市中国银行','拾金不昧7439元','69a4e9e586c55a0defd2ef14e734a917be1b8e8f50dd24afb4534ab689d907e3'),(320,'522101198608297626','司法信用','19950226024640','赵甜甜','云岩区政府','扶1位老爷爷过马路','3ac5011635fb0be1abe7ff84b47e19b1305ccffa01a52ab568917938129ea6b0'),(321,'522101198608297626','公共服务','20080109041320','赵甜甜','白云区政务大厅','主动打扫大街0.25公里','d9fe3c06f5459547e26904d39f1c76c6505355bc5c2e7926fb8120e5d8fa4e35'),(322,'320601198812280336','其他','19970307012640','姜鑫鑫','云岩区农商行','主动还款1295918元','c0b90d51c60589be4d6f173e96668eda370448e01e8d2d42100543e9af881933'),(323,'320601198812280336','其他','19830524124000','姜鑫鑫','云岩区花果园国际中心','扶1位老爷爷过马路','e882d4a21aead46d928bd34ff2cdb4f681f90322c12586d1c911fe0da3603682'),(324,'522101198608297626','公共服务','20150228054000','赵甜甜','云岩区贵阳西南商贸城','一人孤身抓7个小偷','68824a2aafb6b2e2ced6b0264b373430fdd095655580cf1bee2e20ecb33c2946'),(325,'320601198812280336','公共信用','20080401060640','姜鑫鑫','清镇市中国银行','扶2位老爷爷过马路','5eaf2ce0cf570bf8a16fd308c9dd42f71600ac6300a7293203d3b8551cffe333'),(326,'522631199410263121','金融信用','20050305112640','杨文丽','白云区建设银行','一人孤身抓5个小偷','639117e05e585a32250d3776bc1c82d85191607e5c8d4c3a9d4f1a03a7bcfff2'),(327,'320601198812280336','司法信用','19791002124000','姜鑫鑫','贵阳市中国银行','扶4位老奶奶过马路','fd62db36a118fc925f10b4be5d966607cd78d741a12a3cc0916d3e22c14abbf0'),(328,'522631199410263121','其他','20000226121320','杨文丽','金阳新区贵阳西南商贸城','主动还款5126701元','5b7139771256598e136220c110e5b03be060aa9cbee07a9aacc63dd5ea8c32af'),(329,'522631199410263121','公共服务','19820329112000','杨文丽','云岩区贵阳西南商贸城','主动打扫大街1.3333333333333公里','192657480a217ef80af1333c415fa1aba257bef21eab8ae8ce1a93fc743c1498'),(330,'320601198812280336','公共信用','19741201115320','姜鑫鑫','白云区农商行','扶3位老奶奶过马路','9673df2e213c4c6e5e53ddf685688ceda5f92e4667e87a0214fd5688096ce964'),(331,'522631199410263121','公共信用','19701211114640','杨文丽','白云区中国银行','拾金不昧7704元','f0e7562f44ecf63b988e30cde87ef344ffeda58b443aded774488066a6133381');
/*!40000 ALTER TABLE `integrity` ENABLE KEYS */;
UNLOCK TABLES;

--
-- Table structure for table `land_block`
--

DROP TABLE IF EXISTS `land_block`;
/*!40101 SET @saved_cs_client     = @@character_set_client */;
/*!40101 SET character_set_client = utf8 */;
CREATE TABLE `land_block` (
  `id` int(11) NOT NULL AUTO_INCREMENT,
  `owner_id` int(11) DEFAULT NULL,
  `block_name` varchar(255) COLLATE utf8_unicode_ci NOT NULL,
  `block_area` double NOT NULL,
  `block_type` varchar(255) COLLATE utf8_unicode_ci NOT NULL,
  `block_no` varchar(255) COLLATE utf8_unicode_ci NOT NULL,
  `block_coordinate` varchar(255) COLLATE utf8_unicode_ci NOT NULL,
  `block_shape` varchar(255) COLLATE utf8_unicode_ci NOT NULL,
  `usage_status` smallint(6) NOT NULL,
  `contract_id_hash` varchar(255) COLLATE utf8_unicode_ci NOT NULL,
  PRIMARY KEY (`id`),
  KEY `IDX_6130190D7E3C61F9` (`owner_id`),
  CONSTRAINT `FK_6130190D7E3C61F9` FOREIGN KEY (`owner_id`) REFERENCES `land_rights` (`id`)
) ENGINE=InnoDB AUTO_INCREMENT=16 DEFAULT CHARSET=utf8 COLLATE=utf8_unicode_ci;
/*!40101 SET character_set_client = @saved_cs_client */;

--
-- Dumping data for table `land_block`
--

LOCK TABLES `land_block` WRITE;
/*!40000 ALTER TABLE `land_block` DISABLE KEYS */;
INSERT INTO `land_block` VALUES (1,6,'地块1',4,'田','1000','X24534342.120,Y34343434.309','方形',2,'4f1ac8102e52f0f0a887d1c7e52543ddda0721a466bfd6ca9f5c968a5daa7f66'),(2,5,'地块2',2,'田','1001','X24534342.120,Y34343434.309','方形',2,'12cc2c765efcd8603728e3ee3a57587c084aa02ea06717a0ae87815b2cc74029'),(3,4,'地块3',0.83,'田','1002','X24534342.120,Y34343434.309','方形',2,'40ace6cfc913f3db4c8f980910844704cd7c0e9ce4020396529e7fb71bc0ea8e'),(4,4,'地块4',0.14,'地','1003','X24534342.120,Y34343434.309','方形',2,'4486d5347ee4541c5ca53e281711797164595598e2c53685af56425b51ebb99d'),(5,5,'地块5',0.75,'地','1004','X24534342.120,Y34343434.309','方形',2,'7b7a6cc318e0f077fe11dca19985fdd79971c592248c2f2bdff7f888b0cff62a'),(6,4,'地块6',3,'田','1005','X24534342.120,Y34343434.309','方形',2,'0aeba8f1abe5b4b26f3b2aa531953490d448a153ef2e8999602edcafe9554b37'),(7,4,'地块7',0.4,'地','1006','X24534342.120,Y34343434.309','方形',2,'7f17e17fe5fdd27b52c986bfd71f8cccf91f058e1a76821856d7ff5ebe13048d'),(8,5,'地块8',1,'田','1007','X24534342.120,Y34343434.309','方形',2,'09124e172e0842a0e08f919e1d00ada31c1c03f4495b7b51807b98a55b240c0d'),(9,5,'地块9',0.88,'田','1008','X24534342.120,Y34343434.309','方形',2,'7176a3e86583df4da4dc56a43f4d89b5ca981cd2f1bdd5b331b099485903ecab'),(10,4,'地块10',2,'田','1009','X24534342.120,Y34343434.309','方形',2,'28477e81aaa4f0a3593afac99010b6cefd6a7c75d709805a7f1e6f7abc6c92d5'),(11,5,'地块11',0.1,'地','1010','X24534342.120,Y34343434.309','方形',2,'2aebb18024467af4b48f2982f5ff12da39a734db3eed4ab476e6c3cce1f5de68'),(12,6,'地块12',1.17,'地','1011','X24534342.120,Y34343434.309','方形',2,'6800ede3a31239b35f8773e13e593b4bda4843028ce5f5e4aaedd10c85ca0041'),(13,5,'地块13',1.6,'地','1012','X24534342.120,Y34343434.309','方形',2,'9271b928d0d33544b95cdbff9f2852402b2882e0e8b2ee356c9088733edc794f'),(14,5,'地块14',1,'地','1013','X24534342.120,Y34343434.309','方形',2,'1345748b1890e78aca768ea643eae2b0ba5cf103fcea63a9964cf3d12f84e9a3'),(15,6,'地块15',0.5,'地','1014','X24534342.120,Y34343434.309','方形',2,'91928737b43bc32f97a43540af6a1b41c7228d5ec7888d8e5aed412c0dd528f6');
/*!40000 ALTER TABLE `land_block` ENABLE KEYS */;
UNLOCK TABLES;

--
-- Table structure for table `land_rights`
--

DROP TABLE IF EXISTS `land_rights`;
/*!40101 SET @saved_cs_client     = @@character_set_client */;
/*!40101 SET character_set_client = utf8 */;
CREATE TABLE `land_rights` (
  `id` int(11) NOT NULL AUTO_INCREMENT,
  `comm_name` varchar(255) COLLATE utf8_unicode_ci NOT NULL,
  `comm_pp_name` varchar(255) COLLATE utf8_unicode_ci NOT NULL,
  `owner_id` varchar(255) COLLATE utf8_unicode_ci NOT NULL,
  `owner_name` varchar(255) COLLATE utf8_unicode_ci NOT NULL,
  `owner_gender` varchar(255) COLLATE utf8_unicode_ci NOT NULL,
  `owner_contact` varchar(255) COLLATE utf8_unicode_ci NOT NULL,
  `owner_sid` varchar(255) COLLATE utf8_unicode_ci NOT NULL,
  `family_name` varchar(255) COLLATE utf8_unicode_ci NOT NULL,
  `family_gender` varchar(255) COLLATE utf8_unicode_ci NOT NULL,
  `family_sid` varchar(255) COLLATE utf8_unicode_ci NOT NULL,
  `relationship` varchar(255) COLLATE utf8_unicode_ci NOT NULL,
  PRIMARY KEY (`id`)
) ENGINE=InnoDB AUTO_INCREMENT=7 DEFAULT CHARSET=utf8 COLLATE=utf8_unicode_ci;
/*!40101 SET character_set_client = @saved_cs_client */;

--
-- Dumping data for table `land_rights`
--

LOCK TABLES `land_rights` WRITE;
/*!40000 ALTER TABLE `land_rights` DISABLE KEYS */;
INSERT INTO `land_rights` VALUES (4,'凤山村','2组','4672','姜鑫鑫','男','15950596914','320601198812280336','姜某某','男','320601201812280336','朋友'),(5,'凤山村','3组','6212','杨文丽','女','15616322910','522631199410263121','杨某某','女','522631201812280336','朋友'),(6,'凤山村','4组','5549','赵甜甜','女','18685014939','522101198608297626','赵某某','女','522101201812280336','朋友');
/*!40000 ALTER TABLE `land_rights` ENABLE KEYS */;
UNLOCK TABLES;

--
-- Table structure for table `party_b`
--

DROP TABLE IF EXISTS `party_b`;
/*!40101 SET @saved_cs_client     = @@character_set_client */;
/*!40101 SET character_set_client = utf8 */;
CREATE TABLE `party_b` (
  `id` int(11) NOT NULL AUTO_INCREMENT,
  `bc_id` varchar(255) COLLATE utf8_unicode_ci NOT NULL COMMENT '身份链ID',
  `name` varchar(255) COLLATE utf8_unicode_ci NOT NULL COMMENT '乙方名称',
  `contact` varchar(255) COLLATE utf8_unicode_ci NOT NULL COMMENT '联系方式',
  PRIMARY KEY (`id`),
  UNIQUE KEY `UNIQ_105C45FE954397FF` (`bc_id`)
) ENGINE=InnoDB DEFAULT CHARSET=utf8 COLLATE=utf8_unicode_ci;
/*!40101 SET character_set_client = @saved_cs_client */;

--
-- Dumping data for table `party_b`
--

LOCK TABLES `party_b` WRITE;
/*!40000 ALTER TABLE `party_b` DISABLE KEYS */;
/*!40000 ALTER TABLE `party_b` ENABLE KEYS */;
UNLOCK TABLES;

--
-- Table structure for table `person`
--

DROP TABLE IF EXISTS `person`;
/*!40101 SET @saved_cs_client     = @@character_set_client */;
/*!40101 SET character_set_client = utf8 */;
CREATE TABLE `person` (
  `id` int(11) NOT NULL AUTO_INCREMENT,
  `bc_id` varchar(255) COLLATE utf8_unicode_ci NOT NULL,
  `hash` varchar(255) COLLATE utf8_unicode_ci NOT NULL,
  PRIMARY KEY (`id`),
  UNIQUE KEY `UNIQ_34DCD176954397FF` (`bc_id`),
  UNIQUE KEY `UNIQ_34DCD176D1B862B8` (`hash`),
  KEY `person_hash_index` (`hash`)
) ENGINE=InnoDB DEFAULT CHARSET=utf8 COLLATE=utf8_unicode_ci;
/*!40101 SET character_set_client = @saved_cs_client */;

--
-- Dumping data for table `person`
--

LOCK TABLES `person` WRITE;
/*!40000 ALTER TABLE `person` DISABLE KEYS */;
/*!40000 ALTER TABLE `person` ENABLE KEYS */;
UNLOCK TABLES;

--
-- Table structure for table `rental`
--

DROP TABLE IF EXISTS `rental`;
/*!40101 SET @saved_cs_client     = @@character_set_client */;
/*!40101 SET character_set_client = utf8 */;
CREATE TABLE `rental` (
  `id` int(11) NOT NULL AUTO_INCREMENT,
  `partya_name` varchar(255) COLLATE utf8_unicode_ci NOT NULL,
  `partya_id` varchar(255) COLLATE utf8_unicode_ci NOT NULL,
  `partya_contact` varchar(255) COLLATE utf8_unicode_ci NOT NULL,
  `partyb_name` varchar(255) COLLATE utf8_unicode_ci NOT NULL,
  `partyb_id` varchar(255) COLLATE utf8_unicode_ci NOT NULL,
  `partyb_contact` varchar(255) COLLATE utf8_unicode_ci NOT NULL,
  `start_time` varchar(255) COLLATE utf8_unicode_ci NOT NULL,
  `end_time` varchar(255) COLLATE utf8_unicode_ci NOT NULL,
  `expense` double NOT NULL,
  `block` longtext COLLATE utf8_unicode_ci NOT NULL COMMENT '(DC2Type:json_array)',
  `images` longtext COLLATE utf8_unicode_ci NOT NULL COMMENT '(DC2Type:array)',
  `content_hash` varchar(255) COLLATE utf8_unicode_ci NOT NULL,
  `hash` varchar(255) COLLATE utf8_unicode_ci NOT NULL,
  `block_no` varchar(255) COLLATE utf8_unicode_ci NOT NULL,
  `block_area` double NOT NULL,
  PRIMARY KEY (`id`),
  KEY `rental_partya_id` (`partya_id`),
  KEY `rental_partyb_id` (`partyb_id`),
  KEY `rental_partya_name` (`partya_name`),
  KEY `rental_partyb_name` (`partyb_name`)
) ENGINE=InnoDB DEFAULT CHARSET=utf8 COLLATE=utf8_unicode_ci;
/*!40101 SET character_set_client = @saved_cs_client */;

--
-- Dumping data for table `rental`
--

LOCK TABLES `rental` WRITE;
/*!40000 ALTER TABLE `rental` DISABLE KEYS */;
/*!40000 ALTER TABLE `rental` ENABLE KEYS */;
UNLOCK TABLES;

--
-- Table structure for table `woodland_rights`
--

DROP TABLE IF EXISTS `woodland_rights`;
/*!40101 SET @saved_cs_client     = @@character_set_client */;
/*!40101 SET character_set_client = utf8 */;
CREATE TABLE `woodland_rights` (
  `id` int(11) NOT NULL AUTO_INCREMENT,
  `owner_id` varchar(255) COLLATE utf8_unicode_ci NOT NULL COMMENT '所有人ID',
  `owner_id_hash` varchar(255) COLLATE utf8_unicode_ci NOT NULL COMMENT '所有人ID hash',
  `owner_name` varchar(255) COLLATE utf8_unicode_ci NOT NULL,
  `country_name` varchar(255) COLLATE utf8_unicode_ci NOT NULL COMMENT '乡镇',
  `comm_name` varchar(255) COLLATE utf8_unicode_ci NOT NULL COMMENT '村委会名称',
  `comm_pp_name` varchar(255) COLLATE utf8_unicode_ci NOT NULL COMMENT '村民组名称',
  `east` varchar(255) COLLATE utf8_unicode_ci DEFAULT NULL COMMENT '东至',
  `south` varchar(255) COLLATE utf8_unicode_ci DEFAULT NULL COMMENT '南至',
  `west` varchar(255) COLLATE utf8_unicode_ci DEFAULT NULL COMMENT '西至',
  `north` varchar(255) COLLATE utf8_unicode_ci DEFAULT NULL COMMENT '北至',
  `woodland_id` varchar(255) COLLATE utf8_unicode_ci NOT NULL COMMENT '林地编号',
  `area` double NOT NULL COMMENT '林地面积(亩)',
  `map_author` varchar(255) COLLATE utf8_unicode_ci NOT NULL COMMENT '制图人',
  `land_name` varchar(255) COLLATE utf8_unicode_ci NOT NULL COMMENT '小地名',
  `tree_type` varchar(255) COLLATE utf8_unicode_ci NOT NULL COMMENT '树种',
  `valid` varchar(255) COLLATE utf8_unicode_ci NOT NULL COMMENT '林地使用期限',
  `authorized_date` varchar(255) COLLATE utf8_unicode_ci NOT NULL COMMENT '发证日期',
  `processor` varchar(255) COLLATE utf8_unicode_ci NOT NULL COMMENT '经办人',
  PRIMARY KEY (`id`)
) ENGINE=InnoDB AUTO_INCREMENT=4 DEFAULT CHARSET=utf8 COLLATE=utf8_unicode_ci;
/*!40101 SET character_set_client = @saved_cs_client */;

--
-- Dumping data for table `woodland_rights`
--

LOCK TABLES `woodland_rights` WRITE;
/*!40000 ALTER TABLE `woodland_rights` DISABLE KEYS */;
INSERT INTO `woodland_rights` VALUES (1,'320601198812280336','dd299e45fe3b4d3c9d5003a48a515dce28d82aab81e991cc36ba620d4e96351c','姜鑫鑫','凤山村','凤山村','2组','池塘','自家田','杨文丽林地','马路','112233',921,'李四','苹果林','苹果树','20990101','20000101','王五'),(2,'522631199410263121','bf335abf618530e53fc5f68472308ac00d0380bd63e6c47ea07c644f2b0128ff','杨文丽','凤山村','凤山村','3组','鱼塘','自家田','姜鑫鑫林地','马路','112234',955,'李四','梨木林','梨木','20990101','20000101','王五'),(3,'522101198608297626','814daa8bf327799dc07a3317a5f338a7ff25623563946c49f01442b4284696cf','赵甜甜','凤山村','凤山村','4组','自家果园','自家果园','姜鑫鑫林地','马路','112235',951,'李四','杉木地','杉木','20990101','20000101','王五');
/*!40000 ALTER TABLE `woodland_rights` ENABLE KEYS */;
UNLOCK TABLES;
/*!40103 SET TIME_ZONE=@OLD_TIME_ZONE */;

/*!40101 SET SQL_MODE=@OLD_SQL_MODE */;
/*!40014 SET FOREIGN_KEY_CHECKS=@OLD_FOREIGN_KEY_CHECKS */;
/*!40014 SET UNIQUE_CHECKS=@OLD_UNIQUE_CHECKS */;
/*!40101 SET CHARACTER_SET_CLIENT=@OLD_CHARACTER_SET_CLIENT */;
/*!40101 SET CHARACTER_SET_RESULTS=@OLD_CHARACTER_SET_RESULTS */;
/*!40101 SET COLLATION_CONNECTION=@OLD_COLLATION_CONNECTION */;
/*!40111 SET SQL_NOTES=@OLD_SQL_NOTES */;

-- Dump completed on 2017-09-20 22:39:11
